"x","y"
"1231545600000","1.0652200634920637e-7"
"1231804800000","0.0000017043521015873019"
"1232064000000","0.0000043176919906878315"
"1232323200000","0.0000055533472643386245"
"1232582400000","0.000005681173671957674"
"1232841600000","0.000005610159001058201"
"1233100800000","0.000006156971966984127"
"1233360000000","0.0000068032054721693124"
"1233619200000","0.0000058303044808465595"
"1233878400000","0.000006199580769523809"
"1234137600000","0.000006362914512592591"
"1234396800000","0.000006362914512592591"
"1234656000000","0.0000064126247822222205"
"1234915200000","0.000006227986637883597"
"1235174400000","0.0000061995807695238085"
"1235433600000","0.000005858710349206349"
"1235692800000","0.000005539144330158728"
"1235952000000","0.000005340303251640207"
"1236211200000","0.0000052763900478306835"
"1236470400000","0.0000053758105870899445"
"1236729600000","0.000005475231126349206"
"1236988800000","0.000005546245797248677"
"1237248000000","0.000005695376606137565"
"1237507200000","0.000005809000079576719"
"1237766400000","0.000005446825257989416"
"1238025600000","0.000005432622323809521"
"1238284800000","0.0000056101590010582"
"1238544000000","0.000005737985408677249"
"1238803200000","0.000005745086875767196"
"1239062400000","0.000005752188342857143"
"1239321600000","0.000005482332593439152"
"1239580800000","0.0000053758105870899445"
"1239840000000","0.000005631463402328041"
"1240099200000","0.000005887116217566137"
"1240358400000","0.000005901319151746031"
"1240617600000","0.000005645666336507936"
"1240876800000","0.000005489434060529098"
"1241136000000","0.000005830304480846558"
"1241395200000","0.000005943927954285711"
"1241654400000","0.000006270595440423277"
"1241913600000","0.000005958130888465606"
"1242172800000","0.0000055320428630687815"
"1242432000000","0.0000056101590010582"
"1242691200000","0.000006256392506243384"
"1242950400000","0.0000056740722048677226"
"1243209600000","0.000004282184655238092"
"1243468800000","0.000004438416931216929"
"1243728000000","0.000005390013521269838"
"1243987200000","0.000005098853370582007"
"1244246400000","0.000004097546510899468"
"1244505600000","0.0000027198618954497317"
"1244764800000","0.000003032326447407403"
"1245024000000","0.000004097546510899466"
"1245283200000","0.000003976821570370366"
"1245542400000","0.000003934212767830683"
"1245801600000","0.000003976821570370366"
"1246060800000","0.000003998125971640207"
"1246320000000","0.000003806386360211637"
"1246579200000","0.000003856096629841267"
"1246838400000","0.000004047836241269838"
"1247097600000","0.000003955517169100526"
"1247356800000","0.0000039768215703703676"
"1247616000000","0.000003905806899470895"
"1247875200000","0.000003465515939894175"
"1248134400000","0.000002712760428359783"
"1248393600000","0.00000286899270433862"
"1248652800000","0.000003018123513227508"
"1248912000000","0.0000024642090802116362"
"1249171200000","0.0000014344963521693078"
"1249430400000","0.0000013066699445502603"
"1249689600000","0.0000027482677638095184"
"1249948800000","0.000004125952379259253"
"1250208000000","0.0000039200098336507866"
"1250467200000","0.0000029968191119576667"
"1250726400000","0.0000017469609041269802"
"1250985600000","8.095672482539633e-7"
"1251244800000","9.800024584126935e-7"
"1251504000000","0.0000015552212926984078"
"1251763200000","0.000003252471927195763"
"1252022400000","0.00000382058929439153"
"1252281600000","0.0000036004438146031685"
"1252540800000","0.000003323486598095234"
"1252800000000","0.0000033660954006349157"
"1253059200000","0.000003302182196825392"
"1253318400000","0.00000355073354497354"
"1253577600000","0.0000035649364791534343"
"1253836800000","0.000003181457256296291"
"1254096000000","0.0000035507335449735397"
"1254355200000","0.000004424213997037033"
"1254614400000","0.000004012328905820102"
"1254873600000","0.0000033021821968253935"
"1255132800000","0.0000029613117765079325"
"1255392000000","0.0000032524719271957626"
"1255651200000","0.000003465515939894176"
"1255910400000","0.0000031104425853968223"
"1256169600000","0.000003991024504550261"
"1256428800000","0.000004296387589417985"
"1256688000000","0.0000037992848931216893"
"1256947200000","0.000003224066058835975"
"1257206400000","0.0000024784120143915304"
"1257465600000","0.0000024997164156613717"
"1257724800000","0.000002918702973968249"
"1257984000000","0.0000032950807297354434"
"1258243200000","0.0000035365306107936434"
"1258502400000","0.000004111749445079357"
"1258761600000","0.000004289286122328036"
"1259020800000","0.000004246677319788354"
"1259280000000","0.000004402909595767188"
"1259539200000","0.000004062039175449729"
"1259798400000","0.0000037424731564021096"
"1260057600000","0.0000034229071373544907"
"1260316800000","0.000004275083188148142"
"1260576000000","0.000004914215226243378"
"1260835200000","0.000005354506185820097"
"1261094400000","0.000005922623553015866"
"1261353600000","0.000007832918200211631"
"1261612800000","0.0000090046602700529"
"1261872000000","0.000008116976883809518"
"1262131200000","0.000007811613798941793"
"1262390400000","0.000008044061164962121"
"1262649600000","0.000008792133081933148"
"1262908800000","0.000009467163022068197"
"1263168000000","0.000010113987824818193"
"1263427200000","0.000009739843607154376"
"1263686400000","0.000009867538674135241"
"1263945600000","0.000008878605835164385"
"1264204800000","0.000009026891527609728"
"1264464000000","0.000010121348438284244"
"1264723200000","0.000011340670567432433"
"1264982400000","0.000012734323168148333"
"1265241600000","0.000012562495719102858"
"1265500800000","0.00001518648707004803"
"1265760000000","0.000018253511800987963"
"1266019200000","0.00001733202760046215"
"1266278400000","0.000018341099785291205"
"1266537600000","0.000022706083314683202"
"1266796800000","0.000025777133035741302"
"1267056000000","0.00002933524196126286"
"1267315200000","0.00003121062535064865"
"1267574400000","0.00003289360202389796"
"1267833600000","0.00003281304626383943"
"1268092800000","0.000032758596059098747"
"1268352000000","0.00003288904240182143"
"1268611200000","0.00003153378137138713"
"1268870400000","0.00002992491497488779"
"1269129600000","0.000031855554650687"
"1269388800000","0.0000376755730451479"
"1269648000000","0.0000424112555012365"
"1269907200000","0.0000427935475017676"
"1270166400000","0.0000461956912802697"
"1270425600000","0.000048687185591489344"
"1270684800000","0.00005069214979220306"
"1270944000000","0.0000554026735154342"
"1271203200000","0.00006633054563085709"
"1271462400000","0.00007567708558221802"
"1271721600000","0.00008135442541261119"
"1271980800000","0.00008771246358593417"
"1272240000000","0.00008805595161319243"
"1272499200000","0.00009427678830307457"
"1272758400000","0.00009435820176447616"
"1273017600000","0.00009164743883699296"
"1273276800000","0.00009105324907238922"
"1273536000000","0.00008987933048811879"
"1273795200000","0.0000843131993614434"
"1274054400000","0.00007527964228700304"
"1274313600000","0.00008449569546395744"
"1274572800000","0.00009912172484974922"
"1274832000000","0.00011405039153088648"
"1275091200000","0.00012097261185830104"
"1275350400000","0.00012975954946003378"
"1275609600000","0.00012735581933487862"
"1275868800000","0.00011778380113991104"
"1276128000000","0.00012462895190756118"
"1276387200000","0.00013044555393005433"
"1276646400000","0.0001383942676078642"
"1276905600000","0.00013380252768420135"
"1277164800000","0.00013911019252776282"
"1277424000000","0.00014481110324284695"
"1277683200000","0.00015100458123811923"
"1277942400000","0.00016040213620528598"
"1278201600000","0.0001722531531414153"
"1278460800000","0.00018361713991378543"
"1278720000000","0.00018909670542399453"
"1278979200000","0.0002593523509672472"
"1279238400000","0.0008051616205265382"
"1279497600000","0.0019491891674936978"
"1279756800000","0.002140111333400446"
"1280016000000","0.0016618093426223942"
"1280275200000","0.0019047134581419468"
"1280534400000","0.0020531832985900425"
"1280793600000","0.002355141602406314"
"1281052800000","0.002681184769749751"
"1281312000000","0.002892421959144732"
"1281571200000","0.0031941166587798934"
"1281830400000","0.0037537927160652264"
"1282089600000","0.004180413308529621"
"1282348800000","0.0041489626631502656"
"1282608000000","0.004255815548815174"
"1282867200000","0.005113520475818061"
"1283126400000","0.005394517294354859"
"1283385600000","0.005249309735002596"
"1283644800000","0.005082152352823436"
"1283904000000","0.005082152352823436"
"1284163200000","0.00532586033240637"
"1284422400000","0.005644936680612474"
"1284681600000","0.006343348090886248"
"1284940800000","0.0073931772101341765"
"1285200000000","0.008280541207612206"
"1285459200000","0.009327179013800525"
"1285718400000","0.009672630088385729"
"1285977600000","0.009998576108157785"
"1286236800000","0.009442610182379059"
"1286496000000","0.009252118060100649"
"1286755200000","0.010132380304685117"
"1287014400000","0.010879755553415419"
"1287273600000","0.01240362426332092"
"1287532800000","0.01537384003262443"
"1287792000000","0.018211427443805318"
"1288051200000","0.01930343051221783"
"1288310400000","0.02128938473371944"
"1288569600000","0.02465964315385044"
"1288828800000","0.026755619597119217"
"1289088000000","0.02966237736812491"
"1289347200000","0.03675720120436911"
"1289606400000","0.04254216692981109"
"1289865600000","0.0487731567447337"
"1290124800000","0.04970738497828542"
"1290384000000","0.04976277428941365"
"1290643200000","0.052604858198255965"
"1290902400000","0.056664993637722545"
"1291161600000","0.06573740322878349"
"1291420800000","0.07164454888223595"
"1291680000000","0.08427217848460254"
"1291939200000","0.09195936154582565"
"1292198400000","0.09788371188271906"
"1292457600000","0.10047886079607618"
"1292716800000","0.10310350010494204"
"1292976000000","0.1075408659322434"
"1293235200000","0.1071203266653641"
"1293494400000","0.11187337004694561"
"1293753600000","0.11530471741606932"
"1294012800000","0.12178482196309202"
"1294272000000","0.12295751877285846"
"1294531200000","0.1272569941367796"
"1294790400000","0.12900856701216218"
"1295049600000","0.13885212912709374"
"1295308800000","0.14749893010555376"
"1295568000000","0.15357242772192217"
"1295827200000","0.15528810929240014"
"1296086400000","0.15856146741407812"
"1296345600000","0.16572441710904867"
"1296604800000","0.17653750813635027"
"1296864000000","0.17883031067973956"
"1297123200000","0.19446233084405257"
"1297382400000","0.21830039230416146"
"1297641600000","0.24064142870660657"
"1297900800000","0.2590261934781887"
"1298160000000","0.29959669954347357"
"1298419200000","0.34017995077385005"
"1298678400000","0.3731018281134246"
"1298937600000","0.4685931451535433"
"1299196800000","0.4856543018411199"
"1299456000000","0.5459629456636573"
"1299715200000","0.6164523364390773"
"1299974400000","0.5726000381572202"
"1300233600000","0.47723201209563254"
"1300492800000","0.4788552502320124"
"1300752000000","0.4875125202927042"
"1301011200000","0.5156486479899524"
"1301270400000","0.5460359578851073"
"1301529600000","0.5456088645050555"
"1301788800000","0.5838934132467589"
"1302048000000","0.6225910471783813"
"1302307200000","0.6287465999294106"
"1302566400000","0.647467219438023"
"1302825600000","0.6830170617890744"
"1303084800000","0.6812627371440682"
"1303344000000","0.6652195386031396"
"1303603200000","0.7264473346421355"
"1303862400000","0.7810618231767925"
"1304121600000","0.8263122562575635"
"1304380800000","0.9232774460793437"
"1304640000000","1.051478516297838"
"1304899200000","1.1082592126308077"
"1305158400000","1.2901019680834163"
"1305417600000","1.4722499703691792"
"1305676800000","1.6902457444311663"
"1305936000000","2.0916245378691234"
"1306195200000","2.598869617733605"
"1306454400000","3.2469518829809516"
"1306713600000","3.67349153963795"
"1306972800000","3.6611539439962955"
"1307232000000","3.90047872908568"
"1307491200000","4.7607425337761935"
"1307750400000","5.499008107004173"
"1308009600000","6.062811078865173"
"1308268800000","7.705129377365814"
"1308528000000","8.644156779775026"
"1308787200000","9.559463434228777"
"1309046400000","11.240486395744622"
"1309305600000","11.576946991870843"
"1309564800000","11.331991962913543"
"1309824000000","11.65520348821703"
"1310083200000","11.166740299534288"
"1310342400000","11.106488198983916"
"1310601600000","11.776879179465519"
"1310860800000","12.143172311343335"
"1311120000000","12.687062113222504"
"1311379200000","12.45482359540666"
"1311638400000","12.855571652689804"
"1311897600000","13.652915100919374"
"1312156800000","13.857048396183773"
"1312416000000","14.232809239908475"
"1312675200000","13.767242476971232"
"1312934400000","12.675433013454585"
"1313193600000","12.782738266478528"
"1313452800000","12.943696146014487"
"1313712000000","12.613399207187244"
"1313971200000","12.858922587096172"
"1314230400000","13.592512566270488"
"1314489600000","13.27193443970749"
"1314748800000","12.028091308643107"
"1315008000000","12.287055727826337"
"1315267200000","12.87016799910685"
"1315526400000","12.700555819144848"
"1315785600000","12.586932556349302"
"1316044800000","12.146189727010745"
"1316304000000","11.944308251326174"
"1316563200000","12.179374952927116"
"1316822400000","12.254171523774145"
"1317081600000","12.141976667503588"
"1317340800000","11.655237542660002"
"1317600000000","11.347533030673414"
"1317859200000","11.049009216586885"
"1318118400000","11.013018958552417"
"1318377600000","10.485161840713301"
"1318636800000","9.82534044341441"
"1318896000000","9.317272701017957"
"1319155200000","9.300634480621946"
"1319414400000","8.466189304511873"
"1319673600000","8.361925889431673"
"1319932800000","8.37235223093969"
"1320192000000","8.32725229251725"
"1320451200000","8.526276317127564"
"1320710400000","8.512159883134881"
"1320969600000","8.72581851473967"
"1321228800000","8.409603739964579"
"1321488000000","8.445602465262771"
"1321747200000","8.439707497531762"
"1322006400000","7.9265005813622125"
"1322265600000","7.621635174386742"
"1322524800000","7.39298611915514"
"1322784000000","7.932839134788684"
"1323043200000","8.230114335065688"
"1323302400000","8.481521249478806"
"1323561600000","8.249150804287602"
"1323820800000","7.9362833840583695"
"1324080000000","7.642399829239243"
"1324339200000","7.9071779144844045"
"1324598400000","8.16965684940505"
"1324857600000","8.505957984772126"
"1325116800000","8.844789593815593"
"1325376000000","8.917107933413472"
"1325635200000","8.58316359954815"
"1325894400000","9.019735260561635"
"1326153600000","9.461307725013755"
"1326412800000","9.768831316260558"
"1326672000000","9.388501173564086"
"1326931200000","9.37961895864113"
"1327190400000","9.406265603410004"
"1327449600000","9.333958282281818"
"1327708800000","9.576555798470467"
"1327968000000","9.686121881783322"
"1328227200000","10.020446318738449"
"1328486400000","10.201525979451663"
"1328745600000","10.08324074275993"
"1329004800000","9.679950634686362"
"1329264000000","9.836710968851333"
"1329523200000","9.738735759998226"
"1329782400000","10.05485599511255"
"1330041600000","10.494780658121597"
"1330300800000","10.389512472671205"
"1330560000000","11.005259684127727"
"1330819200000","10.517507284680345"
"1331078400000","10.380180397562624"
"1331337600000","10.630744226929325"
"1331596800000","11.630034184260682"
"1331856000000","11.268588880545078"
"1332115200000","11.262359104582533"
"1332374400000","11.362408739244291"
"1332633600000","11.512575333499447"
"1332892800000","11.565775774042418"
"1333152000000","11.82900503977281"
"1333411200000","11.687124826239225"
"1333670400000","11.296795865307033"
"1333929600000","10.580639072209854"
"1334188800000","11.054226628935412"
"1334448000000","11.230435127292177"
"1334707200000","10.540588349718032"
"1334966400000","10.73486966036565"
"1335225600000","11.418405202413993"
"1335484800000","11.36237769896741"
"1335744000000","11.170240345434607"
"1336003200000","11.965216917505819"
"1336262400000","12.266613895083912"
"1336521600000","12.427311893709483"
"1336780800000","12.643426184799896"
"1337040000000","12.368565671816183"
"1337299200000","11.028251243200405"
"1337558400000","11.520583887986163"
"1337817600000","11.32365083007187"
"1338076800000","10.79952111568779"
"1338336000000","10.935916830795733"
"1338595200000","11.18597681440548"
"1338854400000","11.502347875823009"
"1339113600000","11.830017903719737"
"1339372800000","12.037097903264025"
"1339632000000","12.011524922557523"
"1339891200000","12.265987950842174"
"1340150400000","12.69321759532613"
"1340409600000","12.334991206213417"
"1340668800000","12.51723202067376"
"1340928000000","12.763862978263031"
"1341187200000","12.481856399492573"
"1341446400000","12.534480552513617"
"1341705600000","13.14301116928896"
"1341964800000","13.544869552321574"
"1342224000000","13.544869552321575"
"1342483200000","13.010039992404378"
"1342742400000","13.79249216082005"
"1343001600000","13.756259387924418"
"1343260800000","13.73126462090366"
"1343520000000","14.844610400976931"
"1343779200000","15.401451051586545"
"1344038400000","15.543241904864987"
"1344297600000","14.998496759650218"
"1344556800000","15.72166439512033"
"1344816000000","16.239378176441402"
"1345075200000","17.16315850909434"
"1345334400000","17.129757206272657"
"1345593600000","17.798766797434983"
"1345852800000","17.829883522605343"
"1346112000000","18.031951319955372"
"1346371200000","18.54599769402943"
"1346630400000","18.75337888974597"
"1346889600000","19.152018182226687"
"1347148800000","20.637486812577997"
"1347408000000","21.35228907868737"
"1347667200000","19.954355670345272"
"1347926400000","20.566569842398057"
"1348185600000","20.992844131836026"
"1348444800000","22.132290058647282"
"1348704000000","21.94642792222307"
"1348963200000","21.80405072532265"
"1349222400000","21.437937933292996"
"1349481600000","21.135591569257457"
"1349740800000","21.26974887681514"
"1350000000000","21.974337233782958"
"1350259200000","22.4081839708764"
"1350518400000","22.208977931245027"
"1350777600000","22.63454363415556"
"1351036800000","22.996163219837083"
"1351296000000","22.996163219837065"
"1351555200000","23.93433686163308"
"1351814400000","24.456806621414565"
"1352073600000","23.88593547708805"
"1352332800000","24.14628574544725"
"1352592000000","25.178779985291435"
"1352851200000","24.36685165084413"
"1353110400000","23.55039313762543"
"1353369600000","23.444725202546017"
"1353628800000","24.497345517762376"
"1353888000000","24.664807840637703"
"1354147200000","25.956520871232186"
"1354406400000","26.182662731194004"
"1354665600000","25.276044264100573"
"1354924800000","23.420025554852618"
"1355184000000","22.101275419334318"
"1355443200000","22.78033607116103"
"1355702400000","21.3459510760655"
"1355961600000","20.774048096928446"
"1356220800000","21.133046623949102"
"1356480000000","21.635644561778033"
"1356739200000","23.309716644502128"
"1356998400000","23.296847089742045"
"1357257600000","23.65664675745907"
"1357516800000","22.85257468520197"
"1357776000000","22.475567955692554"
"1358035200000","21.861217637373823"
"1358294400000","21.299673585170314"
"1358553600000","20.607376502228682"
"1358812800000","21.16121416858198"
"1359072000000","22.01504723754331"
"1359331200000","22.1280258041677"
"1359590400000","22.305395920932686"
"1359849600000","23.42283561349563"
"1360108800000","24.872657597110777"
"1360368000000","25.144633562305394"
"1360627200000","25.237755302874408"
"1360886400000","25.005149263216577"
"1361145600000","27.30794905582909"
"1361404800000","29.595101305725713"
"1361664000000","30.77256205682517"
"1361923200000","31.294539501040965"
"1362182400000","32.12481165972719"
"1362441600000","33.41230617178565"
"1362700800000","34.08914211257267"
"1362960000000","35.360893547163656"
"1363219200000","34.46136204464808"
"1363478400000","38.22467565887819"
"1363737600000","42.989023914251675"
"1363996800000","47.85131533255679"
"1364256000000","52.65649086106915"
"1364515200000","53.68090656911035"
"1364774400000","52.400309364417744"
"1365033600000","59.67548843225432"
"1365292800000","59.22531030867792"
"1365552000000","60.262994467146804"
"1365811200000","64.73359302008411"
"1366070400000","63.807270561042515"
"1366329600000","66.69336865081573"
"1366588800000","68.01745473127586"
"1366848000000","70.29492658910178"
"1367107200000","73.92757465399642"
"1367366400000","75.22107936937616"
"1367625600000","73.8857531736754"
"1367884800000","75.27739833987982"
"1368144000000","80.35790716319875"
"1368403200000","85.00907721271605"
"1368662400000","86.7451090243878"
"1368921600000","86.38343730779688"
"1369180800000","82.703224256852"
"1369440000000","85.56327812164227"
"1369699200000","94.27157206955175"
"1369958400000","99.52252389225703"
"1370217600000","108.66058008902614"
"1370476800000","123.88331782075822"
"1370736000000","132.34272101304796"
"1370995200000","136.53379666567224"
"1371254400000","139.19354595136727"
"1371513600000","143.4983814914287"
"1371772800000","137.7097321140257"
"1372032000000","149.97211993255254"
"1372291200000","157.52566077164616"
"1372550400000","160.35718925022599"
"1372809600000","168.03751387262224"
"1373068800000","175.29954315245422"
"1373328000000","187.87505056961413"
"1373587200000","203.8510744098401"
"1373846400000","209.21208398452313"
"1374105600000","218.30889074982295"
"1374364800000","222.0247867625858"
"1374624000000","237.86930249973366"
"1374883200000","247.21801452814796"
"1375142400000","249.05065184870207"
"1375401600000","278.5726988147245"
"1375660800000","298.2627314366096"
"1375920000000","324.0868070225849"
"1376179200000","355.03165698679044"
"1376438400000","395.36638220311653"
"1376697600000","417.64607194077456"
"1376956800000","449.9524543737449"
"1377216000000","479.5403463213367"
"1377475200000","510.1153164276665"
"1377734400000","540.642312281752"
"1377993600000","584.5862041650807"
"1378252800000","661.1613938480466"
"1378512000000","725.4965436960509"
"1378771200000","723.487776940836"
"1379030400000","796.3840345041799"
"1379289600000","895.8337966934439"
"1379548800000","935.2841392249851"
"1379808000000","1003.7840543369235"
"1380067200000","1082.9670195794365"
"1380326400000","1244.7440028901103"
"1380585600000","1285.2374816335432"
"1380844800000","1327.3843201087675"
"1381104000000","1465.746415865673"
"1381363200000","1563.787432295817"
"1381622400000","1697.6924724543298"
"1381881600000","1998.7875744573157"
"1382140800000","2338.4042314949716"
"1382400000000","2628.205872683148"
"1382659200000","2810.0987232674456"
"1382918400000","3154.2651073280254"
"1383177600000","3374.437282351972"
"1383436800000","3678.4224939003325"
"1383696000000","3825.5593936563464"
"1383955200000","3802.868954489952"
"1384214400000","3933.3951330735413"
"1384473600000","4295.967252239636"
"1384732800000","4826.5324820488295"
"1384992000000","4837.318485408744"
"1385251200000","4981.7825932810065"
"1385510400000","4999.095478053488"
"1385769600000","5370.127722771562"
"1386028800000","5747.665809673451"
"1386288000000","6234.333071786506"
"1386547200000","6445.325810718848"
"1386806400000","7078.181464205418"
"1387065600000","7626.345870173981"
"1387324800000","8114.884684697727"
"1387584000000","9005.070762987305"
"1387843200000","9414.272755427746"
"1388102400000","9731.244641570196"
"1388361600000","9770.02459601524"
"1388620800000","10323.519551669315"
"1388880000000","10582.920396900516"
"1389139200000","11760.629686481998"
"1389398400000","12813.236259515297"
"1389657600000","14305.126955430444"
"1389916800000","15285.627659730502"
"1390176000000","15605.925980390619"
"1390435200000","15821.968929630577"
"1390694400000","16994.944758477523"
"1390953600000","17732.347652035136"
"1391212800000","17822.991987249763"
"1391472000000","19271.889063136332"
"1391731200000","20656.480750335646"
"1391990400000","21087.885125929508"
"1392249600000","21315.11098354659"
"1392508800000","22134.206951473276"
"1392768000000","24359.788480755164"
"1393027200000","26123.495970465363"
"1393286400000","27225.087107952782"
"1393545600000","27313.985351570595"
"1393804800000","29032.720982763483"
"1394064000000","29164.00876656257"
"1394323200000","29671.474494862923"
"1394582400000","31486.989372630807"
"1394841600000","32057.976130933916"
"1395100800000","33824.370643244554"
"1395360000000","33714.16825697453"
"1395619200000","36430.61869844965"
"1395878400000","38996.44354061911"
"1396137600000","41705.37043345701"
"1396396800000","41778.36544537938"
"1396656000000","44836.18623542418"
"1396915200000","47780.199662514664"
"1397174400000","48128.63571174965"
"1397433600000","49108.70776622058"
"1397692800000","52541.97140651387"
"1397952000000","55940.889781725484"
"1398211200000","55738.05725338113"
"1398470400000","56994.02461229938"
"1398729600000","57043.58463370138"
"1398988800000","59124.327899503674"
"1399248000000","60375.432462520854"
"1399507200000","62954.26662221349"
"1399766400000","63920.17143500918"
"1400025600000","67604.47014495586"
"1400284800000","71358.15180252657"
"1400544000000","74314.99306149459"
"1400803200000","76704.13835450374"
"1401062400000","77693.3119072989"
"1401321600000","79388.73573701018"
"1401580800000","79597.02104263773"
"1401840000000","86799.36343175698"
"1402099200000","88537.81467555478"
"1402358400000","87321.39742462565"
"1402617600000","88915.5363535424"
"1402876800000","95511.148909345"
"1403136000000","105251.71695701474"
"1403395200000","113782.95901423584"
"1403654400000","118931.46261857284"
"1403913600000","122564.4172644777"
"1404172800000","124527.46991473656"
"1404432000000","120435.86874224569"
"1404691200000","118958.00693112356"
"1404950400000","125885.28042711284"
"1405209600000","128751.73842545299"
"1405468800000","128806.15627597684"
"1405728000000","134448.47987745813"
"1405987200000","138379.33175975113"
"1406246400000","133947.25351833558"
"1406505600000","131646.20681174673"
"1406764800000","138928.45083802432"
"1407024000000","145962.67675063573"
"1407283200000","142370.1587266913"
"1407542400000","142042.10679820742"
"1407801600000","156186.90539780844"
"1408060800000","168551.64590601003"
"1408320000000","166590.11386720347"
"1408579200000","173869.3809595736"
"1408838400000","185549.64738442973"
"1409097600000","187620.01062273973"
"1409356800000","191175.98555331517"
"1409616000000","205492.28522401236"
"1409875200000","210825.0290594278"
"1410134400000","214261.87164215933"
"1410393600000","212119.25292573773"
"1410652800000","215235.78924053276"
"1410912000000","230941.5696626661"
"1411171200000","251183.75303059025"
"1411430400000","256320.19037955598"
"1411689600000","242339.08908612563"
"1411948800000","237192.74211888437"
"1412208000000","244492.45359017779"
"1412467200000","247623.8573426998"
"1412726400000","262392.6758720853"
"1412985600000","262629.4035253776"
"1413244800000","254597.33284852465"
"1413504000000","258511.7331420516"
"1413763200000","255280.33647777615"
"1414022400000","257517.45724535154"
"1414281600000","261957.99668838008"
"1414540800000","269178.88971104537"
"1414800000000","277528.21229768166"
"1415059200000","289794.6526202308"
"1415318400000","298142.20850664045"
"1415577600000","290766.3525813445"
"1415836800000","286306.5269183879"
"1416096000000","285462.79452078935"
"1416355200000","287993.9917135846"
"1416614400000","281806.1040828413"
"1416873600000","286019.93679089606"
"1417132800000","280465.55231544265"
"1417392000000","291626.93654024095"
"1417651200000","285903.1497582931"
"1417910400000","286699.9065059102"
"1418169600000","277260.33042566705"
"1418428800000","286100.5156178536"
"1418688000000","289225.7446861719"
"1418947200000","274761.5610297493"
"1419206400000","271171.9834029166"
"1419465600000","277685.48804549273"
"1419724800000","297019.7954876107"
"1419984000000","309909.3337823561"
"1420243200000","318714.7260085566"
"1420502400000","323459.8597767038"
"1420761600000","316894.2242005534"
"1421020800000","302463.70397284144"
"1421280000000","297101.57323095674"
"1421539200000","306288.22724892077"
"1421798400000","312263.310981595"
"1422057600000","303519.9382741104"
"1422316800000","282598.2964383434"
"1422576000000","296921.43842116377"
"1422835200000","317069.20147820935"
"1423094400000","315666.4982573728"
"1423353600000","324459.4369274946"
"1423612800000","325783.7946852596"
"1423872000000","318705.11697598436"
"1424131200000","324853.9349558609"
"1424390400000","338744.67658662656"
"1424649600000","345058.6500551564"
"1424908800000","338305.85808544967"
"1425168000000","335436.4235284754"
"1425427200000","347109.3574442462"
"1425686400000","337495.05814540834"
"1425945600000","336202.54370972834"
"1426204800000","346865.67913485935"
"1426464000000","337478.8310799632"
"1426723200000","326027.453578248"
"1426982400000","333100.36321166024"
"1427241600000","342699.2978060493"
"1427500800000","361125.72885981074"
"1427760000000","363944.16603336256"
"1428019200000","349346.5878150692"
"1428278400000","346632.80941706506"
"1428537600000","345894.12911241356"
"1428796800000","344119.0778654283"
"1429056000000","342714.5102006714"
"1429315200000","339554.2329549686"
"1429574400000","346928.21319494204"
"1429833600000","348565.8874031984"
"1430092800000","350074.04970103607"
"1430352000000","333033.2841708256"
"1430611200000","338104.8570262188"
"1430870400000","331409.44537612674"
"1431129600000","346053.3452830632"
"1431388800000","341721.403307448"
"1431648000000","342398.0793536015"
"1431907200000","365143.5210582899"
"1432166400000","350303.9654659398"
"1432425600000","347644.5787043501"
"1432684800000","338632.8548296611"
"1432944000000","337593.0405364279"
"1433203200000","338632.85482966143"
"1433462400000","341152.73551492824"
"1433721600000","351645.17658567725"
"1433980800000","362626.69722581486"
"1434240000000","363978.520887421"
"1434499200000","352646.7784105632"
"1434758400000","362174.7751636253"
"1435017600000","347242.6247790907"
"1435276800000","359593.7344002983"
"1435536000000","361711.0674782196"
"1435795200000","354835.580269439"
"1436054400000","361303.8832013378"
"1436313600000","373630.5241199132"
"1436572800000","373981.35090312443"
"1436832000000","362611.5953885363"
"1437091200000","363853.4614238876"
"1437350400000","370334.19420020276"
"1437609600000","367795.1742595551"
"1437868800000","379982.6239220452"
"1438128000000","386597.3152424763"
"1438387200000","376078.94597712"
"1438646400000","384246.50452746224"
"1438905600000","377563.95662263676"
"1439164800000","368785.4996865437"
"1439424000000","388746.1136641017"
"1439683200000","381356.8742491674"
"1439942400000","365264.28779900644"
"1440201600000","385847.82860735216"
"1440460800000","399023.0436724837"
"1440720000000","400167.10305827536"
"1440979200000","407263.8701419768"
"1441238400000","413043.39526225085"
"1441497600000","415387.58116583165"
"1441756800000","415620.8830386149"
"1442016000000","431987.7009136632"
"1442275200000","427538.38938739896"
"1442534400000","429156.32085149473"
"1442793600000","414405.2594535765"
"1443052800000","410138.50502978667"
"1443312000000","430216.77298296755"
"1443571200000","448756.9669215088"
"1443830400000","441993.62506882334"
"1444089600000","453468.788130199"
"1444348800000","430567.5198222158"
"1444608000000","432294.9722588143"
"1444867200000","429703.7936039166"
"1445126400000","442884.8037179"
"1445385600000","448285.7600076941"
"1445644800000","442308.86606501107"
"1445904000000","444903.0529627531"
"1446163200000","451963.84968615585"
"1446422400000","468259.4999243519"
"1446681600000","477904.2707995149"
"1446940800000","471272.8516857381"
"1447200000000","457125.8242430142"
"1447459200000","491295.5186716333"
"1447718400000","513536.83494147164"
"1447977600000","505496.3736733129"
"1448236800000","527474.4768765004"
"1448496000000","537269.345686539"
"1448755200000","550227.343209118"
"1449014400000","573246.6610989643"
"1449273600000","558786.3849631345"
"1449532800000","585252.0281460044"
"1449792000000","634659.5167030301"
"1450051200000","659486.2288171122"
"1450310400000","687573.3765520828"
"1450569600000","667413.1818131171"
"1450828800000","684351.2456391791"
"1451088000000","708085.3784967727"
"1451347200000","750557.2287533741"
"1451606400000","770515.4892291094"
"1451865600000","739322.7070863631"
"1452124800000","766473.2316355921"
"1452384000000","812210.8065743857"
"1452643200000","833604.1884005956"
"1452902400000","826381.9910295875"
"1453161600000","822925.0518379541"
"1453420800000","809006.7386918638"
"1453680000000","896749.7581121754"
"1453939200000","928737.4309668763"
"1454198400000","965900.4615187047"
"1454457600000","995618.1718108045"
"1454716800000","1052729.830638992"
"1454976000000","1113096.3661353148"
"1455235200000","1209706.7142473662"
"1455494400000","1210727.4042139906"
"1455753600000","1147274.2351004933"
"1456012800000","1160506.344796532"
"1456272000000","1126289.2851726362"
"1456531200000","1122716.5967920024"
"1456790400000","1123877.6273988197"
"1457049600000","1141293.0865010733"
"1457308800000","1159514.559035056"
"1457568000000","1182661.4746346704"
"1457827200000","1194819.639276276"
"1458086400000","1201570.0327185164"
"1458345600000","1156745.272431906"
"1458604800000","1160553.647629226"
"1458864000000","1176445.598410569"
"1459123200000","1201126.2753003004"
"1459382400000","1254013.4400640118"
"1459641600000","1220341.0579831232"
"1459900800000","1218889.9994481034"
"1460160000000","1246504.8380707593"
"1460419200000","1277311.9918633823"
"1460678400000","1319607.317131885"
"1460937600000","1313989.7857238066"
"1461196800000","1339935.2964277354"
"1461456000000","1320902.1246013239"
"1461715200000","1285373.537194018"
"1461974400000","1239654.1518400884"
"1462233600000","1309380.4892670915"
"1462492800000","1384198.4377660155"
"1462752000000","1404498.3231961315"
"1463011200000","1404003.341855049"
"1463270400000","1410311.6758111045"
"1463529600000","1364319.776956976"
"1463788800000","1364319.776956976"
"1464048000000","1477438.3024478473"
"1464307200000","1502286.33102257"
"1464566400000","1441462.0628728983"
"1464825600000","1375776.66173109"
"1465084800000","1361622.5808490815"
"1465344000000","1452208.698493926"
"1465603200000","1482798.3277158975"
"1465862400000","1476356.5032597515"
"1466121600000","1452193.6709485457"
"1466380800000","1506494.2971872743"
"1466640000000","1524578.422385463"
"1466899200000","1536803.6434820157"
"1467158400000","1499324.1103490442"
"1467417600000","1579645.0448320284"
"1467676800000","1574951.6271818082"
"1467936000000","1554081.0534019496"
"1468195200000","1551816.1359546129"
"1468454400000","1521507.2270492485"
"1468713600000","1524538.117939783"
"1468972800000","1500475.0643218402"
"1469232000000","1508326.0759691785"
"1469491200000","1408466.1626519624"
"1469750400000","1382692.2931524094"
"1470009600000","1434240.0321515142"
"1470268800000","1539535.4506946113"
"1470528000000","1629641.01091823"
"1470787200000","1547003.2939682815"
"1471046400000","1491087.512258583"
"1471305600000","1521477.1314671084"
"1471564800000","1546812.8463101187"
"1471824000000","1593082.7517429232"
"1472083200000","1676441.7329387732"
"1472342400000","1586908.0123950825"
"1472601600000","1589814.8359045999"
"1472860800000","1621724.9894524557"
"1473120000000","1628830.7598156298"
"1473379200000","1614721.5424543784"
"1473638400000","1620992.3057260471"
"1473897600000","1727836.8198172145"
"1474156800000","1767828.8105885356"
"1474416000000","1674309.4768301244"
"1474675200000","1663083.2638628713"
"1474934400000","1804386.9344397674"
"1475193600000","1854675.1988884746"
"1475452800000","1803859.5758785184"
"1475712000000","1815851.045043903"
"1475971200000","1891426.4062822273"
"1476230400000","1897250.873499276"
"1476489600000","1839562.571373267"
"1476748800000","1734916.7963550289"
"1477008000000","1740424.4687244084"
"1477267200000","1820178.174170574"
"1477526400000","1833053.4605573525"
"1477785600000","1851491.3576252167"
"1478044800000","1912727.453110877"
"1478304000000","1826276.4947781826"
"1478563200000","1800654.255308608"
"1478822400000","1895952.1788809733"
"1479081600000","1996227.2761553747"
"1479340800000","2064937.9976172464"
"1479600000000","2030505.8406368382"
"1479859200000","1985338.1054490523"
"1480118400000","2017209.538877899"
"1480377600000","2119270.735785414"
"1480636800000","2107263.5361492364"
"1480896000000","2151639.915632281"
"1481155200000","2208481.8450625255"
"1481414400000","2136244.0807198593"
"1481673600000","2282869.031922748"
"1481932800000","2187573.2446520803"
"1482192000000","2182935.161392176"
"1482451200000","2262016.178870619"
"1482710400000","2343510.4326371374"
"1482969600000","2380918.5854491703"
"1483228800000","2420681.793241785"
"1483488000000","2479403.0382490805"
"1483747200000","2443306.178729531"
"1484006400000","2393672.996890151"
"1484265600000","2523147.512822688"
"1484524800000","2641887.4804168753"
"1484784000000","2729823.9990832997"
"1485043200000","2844663.2207800555"
"1485302400000","2952040.6727111144"
"1485561600000","3053427.6840616013"
"1485820800000","3044561.7015277296"
"1486080000000","3150605.097181306"
"1486339200000","3113197.005316728"
"1486598400000","3030498.4575872305"
"1486857600000","3108957.5113852993"
"1487116800000","3222882.666093726"
"1487376000000","3159924.027965383"
"1487635200000","3190296.409473513"
"1487894400000","3147790.986611596"
"1488153600000","3399379.7914136187"
"1488412800000","3449462.7349335277"
"1488672000000","3361582.2139871162"
"1488931200000","3321030.01541913"
"1489190400000","3344125.478047892"
"1489449600000","3429201.077293728"
"1489708800000","3455378.184753985"
"1489968000000","3561598.2231778777"
"1490227200000","3595072.830341044"
"1490486400000","3587653.559469174"
"1490745600000","3618057.4031934883"
"1491004800000","3506716.603028721"
"1491264000000","3704147.3295651013"
"1491523200000","3672333.296482463"
"1491782400000","3789422.1841963967"
"1492041600000","3768133.2955211354"
"1492300800000","3727936.320298501"
"1492560000000","3636471.778448948"
"1492819200000","3809461.3800021405"
"1493078400000","3761380.799477843"
"1493337600000","3836567.889059681"
"1493596800000","3821883.550069876"
"1493856000000","3881003.7613992137"
"1494115200000","3914364.8252507835"
"1494374400000","4073756.574763835"
"1494633600000","4221326.561466259"
"1494892800000","4268826.866837841"
"1495152000000","4274860.982225618"
"1495411200000","4274860.982225619"
"1495670400000","4400811.960649634"
"1495929600000","4576075.581265672"
"1496188800000","4794765.226710832"
"1496448000000","4837084.425534402"
"1496707200000","5167926.409593828"
"1496966400000","5315464.142712018"
"1497225600000","5220268.568164632"
"1497484800000","4969618.553811391"
"1497744000000","4950512.1742224675"
"1498003200000","5052025.489071213"
"1498262400000","5145067.926988111"
"1498521600000","4988391.005832284"
"1498780800000","4942904.157754784"
"1499040000000","5333067.905316561"
"1499299200000","5535157.712196701"
"1499558400000","5611261.893314176"
"1499817600000","5596164.327681943"
"1500076800000","5861899.508277555"
"1500336000000","5848067.99578062"
"1500595200000","6016114.579447603"
"1500854400000","6341773.203406303"
"1501113600000","6404619.6045211395"
"1501372800000","6501258.798878653"
"1501632000000","6350028.428756065"
"1501891200000","6518130.266060152"
"1502150400000","6646415.866423098"
"1502409600000","6749801.502005899"
"1502668800000","6519361.848771334"
"1502928000000","6379288.902132113"
"1503187200000","6812005.312759782"
"1503446400000","6182599.624574085"
"1503705600000","5496342.44614583"
"1503964800000","5353592.710068663"
"1504224000000","6118103.511203514"
"1504483200000","6944362.851376359"
"1504742400000","7539158.186311713"
"1505001600000","7786592.785243903"
"1505260800000","7745290.322226867"
"1505520000000","7948423.993960397"
"1505779200000","8052399.125350653"
"1506038400000","7953567.898871058"
"1506297600000","8039495.313184744"
"1506556800000","8117852.967309351"
"1506816000000","8141360.263546734"
"1507075200000","8620716.497159895"
"1507334400000","8093774.808395992"
"1507593600000","8795148.10252713"
"1507852800000","8874958.883856777"
"1508112000000","8760461.40481069"
"1508371200000","9245168.605723055"
"1508630400000","10147786.813167527"
"1508889600000","10037300.02206939"
"1509148800000","10222239.67398939"
"1509408000000","9904229.24221839"
"1509667200000","9151439.670286456"
"1509926400000","9636352.48257898"
"1510185600000","10038726.943842974"
"1510444800000","9438552.350897446"
"1510704000000","8374026.663170229"
"1510963200000","8710769.256809773"
"1511222400000","10367656.401319752"
"1511481600000","10571133.769943774"
"1511740800000","10466026.600491593"
"1512000000000","10675597.38249016"
"1512259200000","11124893.200882027"
"1512518400000","11660571.635318296"
"1512777600000","12250080.260484828"
"1513036800000","13045585.147711342"
"1513296000000","13466860.989525383"
"1513555200000","13817089.756870428"
"1513814400000","14113591.517251628"
"1514073600000","13848863.35113877"
"1514332800000","13182080.716287086"
"1514592000000","13807265.170036314"
"1514851200000","14403625.439522544"
"1515110400000","15259817.611418003"
"1515369600000","15428139.724953618"
"1515628800000","15592706.54868646"
"1515888000000","16468932.151341459"
"1516147200000","17062630.20071296"
"1516406400000","17687863.11522236"
"1516665600000","18921900.076749504"
"1516924800000","19532771.52981132"
"1517184000000","19835912.442741893"
"1517443200000","19594807.84689165"
"1517702400000","19890578.531373043"
"1517961600000","21327603.83546641"
"1518220800000","21410144.29262484"
"1518480000000","21169737.435407598"
"1518739200000","21822998.378448155"
"1518998400000","22619160.152778827"
"1519257600000","22155981.443510767"
"1519516800000","22674608.889106598"
"1519776000000","23129455.071288913"
"1520035200000","23343023.446831755"
"1520294400000","24069842.792463057"
"1520553600000","24918422.5805921"
"1520812800000","24840322.333639424"
"1521072000000","24863690.463774543"
"1521331200000","24887058.59390969"
"1521590400000","24504394.823239304"
"1521849600000","24653093.04215949"
"1522108800000","24490774.31523525"
"1522368000000","24908789.539491273"
"1522627200000","25653102.32381051"
"1522886400000","26526747.478073098"
"1523145600000","27476916.425880525"
"1523404800000","27252513.29717552"
"1523664000000","28224926.85489724"
"1523923200000","28081059.67228455"
"1524182400000","29770217.79215049"
"1524441600000","29909466.519146387"
"1524700800000","29146052.606169093"
"1524960000000","27778760.672412448"
"1525219200000","28362730.68046656"
"1525478400000","29362271.603808273"
"1525737600000","29562209.250915933"
"1525996800000","29676459.334977467"
"1526256000000","30171351.48208328"
"1526515200000","30795200.338413674"
"1526774400000","30575293.6611207"
"1527033600000","31340411.693064038"
"1527292800000","32357235.30874434"
"1527552000000","33709958.186741255"
"1527811200000","34898238.8104217"
"1528070400000","34255939.93661024"
"1528329600000","36806214.50141673"
"1528588800000","37002587.20624813"
"1528848000000","34735390.61421154"
"1529107200000","35226598.158250876"
"1529366400000","37928239.65046732"
"1529625600000","39762894.31503469"
"1529884800000","40441645.50409455"
"1530144000000","38798076.90988413"
"1530403200000","37644230.75643031"
"1530662400000","35642491.797167465"
"1530921600000","36590525.800866805"
"1531180800000","37975716.11703958"
"1531440000000","39423135.58789968"
"1531699200000","36947286.49300744"
"1531958400000","37766752.6719309"
"1532217600000","38873815.39954954"
"1532476800000","42035153.3565106"
"1532736000000","42402914.978177354"
"1532995200000","42742938.88575507"
"1533254400000","43330461.804432616"
"1533513600000","45883210.79622877"
"1533772800000","46221208.66581733"
"1534032000000","46521092.49404175"
"1534291200000","47856434.09623907"
"1534550400000","48862992.05777389"
"1534809600000","48186682.03718505"
"1535068800000","48277429.084336035"
"1535328000000","49000382.03378043"
"1535587200000","51007110.45970806"
"1535846400000","53028219.010679886"
"1536105600000","48394221.49353039"
"1536364800000","47988724.25098981"
"1536624000000","49347584.82553477"
"1536883200000","52636033.18979827"
"1537142400000","49996152.174999416"
"1537401600000","49447839.43928157"
"1537660800000","51389369.56576641"
"1537920000000","54374065.72895808"
"1538179200000","53740253.39560951"
"1538438400000","54756137.20270987"
"1538697600000","54016485.12247145"
"1538956800000","51211672.00732196"
"1539216000000","50515184.98661472"
"1539475200000","52041213.86551923"
"1539734400000","52252978.72356815"
"1539993600000","51051519.74677629"
"1540252800000","51214865.43842773"
"1540512000000","50090631.11163218"
"1540771200000","49886595.95435465"
"1541030400000","51977956.31644927"
"1541289600000","54123853.76932581"
"1541548800000","51832813.4970715"
"1541808000000","47652507.45419569"
"1542067200000","47091289.48631972"
"1542326400000","47244348.93210407"
"1542585600000","45715818.24939446"
"1542844800000","42714092.64834462"
"1543104000000","41389434.84916742"
"1543363200000","40822456.2895898"
"1543622400000","39499506.31724198"
"1543881600000","37757484.09876072"
"1544140800000","37191010.29589566"
"1544400000000","35969936.15414296"
"1544659200000","35005336.7349416"
"1544918400000","37010224.2913529"
"1545177600000","38029757.87999838"
"1545436800000","37486502.685146056"
"1545696000000","38725392.663230754"
"1545955200000","41086085.89495204"
"1546214400000","40723454.95148379"
"1546473600000","41499587.17874795"
"1546732800000","42762992.71688324"
"1546992000000","42653392.38469466"
"1547251200000","43172095.940355115"
"1547510400000","42592390.902812645"
"1547769600000","39460857.63369904"
"1548028800000","40467000.623602085"
"1548288000000","40991036.14625532"
"1548547200000","43163853.55665825"
"1548806400000","42667170.64818568"
"1549065600000","42571473.898190916"
"1549324800000","42283653.505950816"
"1549584000000","44265699.764042266"
"1549843200000","44881391.034194775"
"1550102400000","44306824.507859826"
"1550361600000","42190406.28864557"
"1550620800000","44810549.229871765"
"1550880000000","44380092.46493542"
"1551139200000","42628200.62640033"
"1551398400000","44684496.380709186"
"1551657600000","44628180.420195125"
"1551916800000","43291490.9583342"
"1552176000000","42515348.6901569"
"1552435200000","42034451.38454939"
"1552694400000","43189370.051839"
"1552953600000","45511523.434795454"
"1553212800000","47450934.94480095"
"1553472000000","47511942.708772235"
"1553731200000","45660541.98314704"
"1553990400000","45880050.97829993"
"1554249600000","45891071.528827704"
"1554508800000","45800467.24150524"
"1554768000000","46463226.7833075"
"1555027200000","46415319.08793086"
"1555286400000","45082048.60023052"
"1555545600000","45082048.60023051"
"1555804800000","44582650.277367905"
"1556064000000","44471034.3204465"
"1556323200000","45158438.97473426"
"1556582400000","46740007.61317945"
"1556841600000","50033463.74808496"
"1557100800000","48827339.21153391"
"1557360000000","47908384.96530413"
"1557619200000","45881810.26580114"
"1557878400000","49213476.98634686"
"1558137600000","50117786.52478069"
"1558396800000","51172297.31357712"
"1558656000000","52656109.68334539"
"1558915200000","52231162.979515456"
"1559174400000","53373868.45946839"
"1559433600000","53764035.52740507"
"1559692800000","51549891.83897489"
"1559952000000","54563917.45259507"
"1560211200000","55994233.735333"
"1560470400000","53557398.58696468"
"1560729600000","54248595.79111904"
"1560988800000","56304637.07335661"
"1561248000000","53722574.62708885"
"1561507200000","57826747.81113677"
"1561766400000","59739282.9536638"
"1562025600000","59910359.24671196"
"1562284800000","63617010.316239394"
"1562544000000","65363801.56495811"
"1562803200000","66436142.991435766"
"1563062400000","64282328.423973426"
"1563321600000","65398734.02913995"
"1563580800000","62180292.393847644"
"1563840000000","65527471.69455163"
"1564099200000","66422512.0674627"
"1564358400000","69400228.24262597"
"1564617600000","71948489.15970056"
"1564876800000","72972666.94133331"
"1565136000000","74077368.96597405"
"1565395200000","74566507.44960836"
"1565654400000","73747045.07134312"
"1565913600000","74456151.2739522"
"1566172800000","70938762.01502922"
"1566432000000","72283871.8608038"
"1566691200000","74482723.32512149"
"1566950400000","73547109.00246467"
"1567209600000","76873723.56894779"
"1567468800000","78440212.48352496"
"1567728000000","81396021.79746328"
"1567987200000","84070180.80035755"
"1568246400000","88889490.52776657"
"1568505600000","89554384.74609981"
"1568764800000","89597236.24816692"
"1569024000000","91702566.29484172"
"1569283200000","90098193.58802588"
"1569542400000","91434682.17080025"
"1569801600000","89341776.99429794"
"1570060800000","91433868.6440188"
"1570320000000","91428958.51224542"
"1570579200000","96593924.45396785"
"1570838400000","98269788.05675264"
"1571097600000","94280759.19669506"
"1571356800000","93485053.29452874"
"1571616000000","95055454.38742112"
"1571875200000","101132725.05483378"
"1572134400000","99339894.79783738"
"1572393600000","92695122.52125238"
"1572652800000","89256768.1250417"
"1572912000000","90715212.04865348"
"1573171200000","91861270.49919157"
"1573430400000","92339819.41656034"
"1573689600000","90699368.88504884"
"1573948800000","95931202.11533114"
"1574208000000","94937564.42863753"
"1574467200000","90641806.33248484"
"1574726400000","90238982.02037299"
"1574985600000","90747073.1583127"
"1575244800000","87522557.86842345"
"1575504000000","95261394.56415763"
"1575763200000","96880815.35477403"
"1576022400000","96761138.51699759"
"1576281600000","92907581.8474793"
"1576540800000","91170136.91135517"
"1576800000000","92925415.7375964"
"1577059200000","99947585.9399815"
"1577318400000","96857362.7365599"
"1577577600000","94344814.30099222"
"1577836800000","97011480.59215085"
"1578096000000","103031751.9698384"
"1578355200000","105477457.15335813"
"1578614400000","108770686.24796285"
"1578873600000","105144996.70636413"
"1579132800000","104842225.07092443"
"1579392000000","106104409.8345753"
"1579651200000","110810185.47842275"
"1579910400000","110600317.70289545"
"1580169600000","110810185.47842276"
"1580428800000","111739680.95495507"
"1580688000000","111681439.23054679"
"1580947200000","113456448.3565329"
"1581206400000","109282832.6377059"
"1581465600000","109340676.42941175"
"1581724800000","107932589.65855002"
"1581984000000","111150618.92552446"
"1582243200000","109631870.48581052"
"1582502400000","112391988.07105252"
"1582761600000","109315034.29177237"
"1583020800000","110892855.15019846"
"1583280000000","116468614.68224476"
"1583539200000","121307726.15157305"
"1583798400000","121936055.96162646"
"1584057600000","116070927.61330411"
"1584316800000","108109035.40066276"
"1584576000000","101680788.74892049"
"1584835200000","94157585.88194844"
"1585094400000","95333086.32991287"
"1585353600000","100386175.7558384"
"1585612800000","100495620.10857132"
"1585872000000","104035696.2502867"
"1586131200000","106308080.8787355"
"1586390400000","104926817.65001218"
"1586649600000","110999326.6368086"
"1586908800000","115878648.73909876"
"1587168000000","115054068.8189836"
"1587427200000","113800073.51850417"
"1587686400000","109962750.66907203"
"1587945600000","111554966.88776174"
"1588204800000","113216514.46699287"
"1588464000000","113443174.15561531"
"1588723200000","119472293.06066506"
"1588982400000","121853507.63821308"
"1589241600000","121087434.47597237"
"1589500800000","111966037.38110098"
"1589760000000","101672938.9497433"
"1590019200000","93625665.17859997"
"1590278400000","90689768.70048092"
"1590537600000","90471236.69303167"
"1590796800000","94602038.01431303"
"1591056000000","103202223.28834139"
"1591315200000","105288528.1766404"
"1591574400000","110815623.43783526"
"1591833600000","114994337.8583901"
"1592092800000","112245343.37726866"
"1592352000000","110570811.73739882"
"1592611200000","105926966.55685537"
"1592870400000","108235120.84612934"
"1593129600000","112767411.26182595"
"1593388800000","115793972.0014575"
"1593648000000","117362562.86205761"
"1593907200000","121956640.86329533"
"1594166400000","125990398.02477519"
"1594425600000","124533213.70598333"
"1594684800000","123224185.9661429"
"1594944000000","121358766.03401919"
"1595203200000","115473898.09459306"
"1595462400000","113943058.68242149"
"1595721600000","120718051.36083578"
"1595980800000","126940916.24508919"
"1596240000000","124781881.42071433"
"1596499200000","122154894.82121405"
"1596758400000","122394179.62987462"
"1597017600000","124667385.31214991"
"1597276800000","126347972.69387735"
"1597536000000","129075393.19033508"
"1597795200000","125649847.98439695"
"1598054400000","121798511.64771043"
"1598313600000","123297691.91400088"
"1598572800000","122017801.8251035"
"1598832000000","122462847.34276728"
"1599091200000","126308447.33092049"
"1599350400000","122193759.51066346"
"1599609600000","127930089.15456907"
"1599868800000","131873589.68471669"
"1600128000000","136485692.07769784"
"1600387200000","139811606.95684758"
"1600646400000","139904505.85300225"
"1600905600000","136974413.0675965"
"1601164800000","138914905.99167845"
"1601424000000","139905644.7434772"
"1601683200000","135516448.04564264"
"1601942400000","137953248.43701744"
"1602201600000","140918695.23724535"
"1602460800000","138141088.9005937"
"1602720000000","144034012.33583727"
"1602979200000","146484944.0374199"
"1603238400000","139371646.13118583"
"1603497600000","133536442.03601234"
"1603756800000","130791599.99852994"
"1604016000000","116022515.95960797"
"1604275200000","108779984.36359818"
"1604534400000","115107145.47938481"
"1604793600000","121130852.4218934"
"1605052800000","128159204.24421576"
"1605312000000","126609372.00684384"
"1605571200000","124869930.27180229"
"1605830400000","128602936.80096643"
"1606089600000","141076183.18505344"
"1606348800000","135709930.523598"
"1606608000000","133710520.86579177"
"1606867200000","131996845.77838087"
"1607126400000","133409747.66795123"
"1607385600000","137948518.46795613"
"1607644800000","134275333.06496322"
"1607904000000","134533587.6076591"
"1608163200000","132373208.74072967"
"1608422400000","136823648.10098034"
"1608681600000","134839542.57012355"
"1608940800000","134176614.63221736"
"1609200000000","134096925.47590554"
"1609459200000","142734576.90930292"
"1609718400000","146350014.08380795"
"1609977600000","149387454.0462804"
"1610236800000","148690226.43303117"
"1610496000000","151697118.4842938"
"1610755200000","153019188.22568032"
"1611014400000","150294161.27559942"
"1611273600000","146196559.994473"
"1611532800000","146698957.5340704"
"1611792000000","148549580.94715503"
"1612051200000","150095785.47639352"
"1612310400000","146546722.56857732"
"1612569600000","152461827.41493767"
"1612828800000","165861253.11216184"
"1613088000000","160711290.00435206"
"1613347200000","156021048.95022506"
"1613606400000","150236853.96475333"
"1613865600000","151777617.95629352"
"1614124800000","149558390.99271905"
"1614384000000","154427502.27930498"
"1614643200000","154118955.82120448"
"1614902400000","151187764.46924964"
"1615161600000","153716875.77834648"
"1615420800000","155778275.39534613"
"1615680000000","154598952.23605472"
"1615939200000","156579037.33858544"
"1616198400000","157420617.6912914"
"1616457600000","160766785.10844684"
"1616716800000","166720074.39596337"
"1616976000000","166457523.79884627"
"1617235200000","164904748.39027494"
"1617494400000","162156064.84321755"
"1617753600000","164631661.9987059"
"1618012800000","167595961.66382885"
"1618272000000","169731988.62621096"
"1618531200000","172130189.21775606"
"1618790400000","150787954.8145779"
"1619049600000","136207676.021627"
"1619308800000","146198398.6654064"
"1619568000000","154236798.5920267"
"1619827200000","159260798.54616436"
"1620086400000","167961731.4564108"
"1620345600000","174317609.61284044"
"1620604800000","177672590.27902648"
"1620864000000","178989767.63694343"
"1621123200000","176179075.04398838"
"1621382400000","160228122.6394345"
"1621641600000","146384382.44060782"
"1621900800000","143716380.33051172"
"1622160000000","148163050.51400527"
"1622419200000","150291730.25568312"
"1622678400000","151415069.6569138"
"1622937600000","149939087.7584659"
"1623196800000","150516054.3401892"
"1623456000000","136316426.57224676"
"1623715200000","132807547.04458119"
"1623974400000","128421919.85959908"
"1624233600000","120460802.62675631"
"1624492800000","107438013.15359342"
"1624752000000","99935754.00057565"
"1625011200000","90734870.13366713"
"1625270400000","84789683.63504931"
"1625529600000","90819460.5560025"
"1625788800000","93241612.12545457"
"1626048000000","97204622.08928394"
"1626307200000","100774571.48395857"
"1626566400000","99739876.71501002"
"1626825600000","102600064.78780988"
"1627084800000","98947054.62367477"
"1627344000000","98260624.00173841"
"1627603200000","104766021.04533179"
"1627862400000","109887906.60443933"
"1628121600000","109693176.78900112"
"1628380800000","112005260.90983883"
"1628640000000","112931775.01662979"
"1628899200000","112222868.24342497"
"1629158400000","119126461.98879574"
"1629417600000","122389629.87140332"
"1629676800000","123285733.74419065"
"1629936000000","129030251.81892101"
"1630195200000","129727331.44953278"
"1630454400000","127249992.51986168"
"1630713600000","126343503.19093786"
"1630972800000","133723965.2585273"
"1631232000000","135548079.03417698"
"1631491200000","133493710.99652977"
"1631750400000","135613291.5168814"
"1632009600000","137836460.23027292"
"1632268800000","134495823.90656477"
"1632528000000","139221878.27487168"
"1632787200000","135671902.50093386"
"1633046400000","140172657.31323275"
"1633305600000","146513480.11758497"
"1633564800000","150290764.173168"
"1633824000000","141032003.29279727"
"1634083200000","138585678.44139537"
"1634342400000","146355517.70161635"
"1634601600000","144403297.8098649"
"1634860800000","146706531.95442763"
"1635120000000","150427844.64619517"
"1635379200000","155878118.1667677"
"1635638400000","159871336.19848728"
"1635897600000","157794954.1316647"
"1636156800000","159797397.10008076"
"1636416000000","162888098.87011817"
"1636675200000","162426659.4965484"
"1636934400000","161753319.40522012"
"1637193600000","167149669.97568625"
"1637452800000","166066724.20991844"
"1637712000000","157799323.12299913"
"1637971200000","156028106.23080215"
"1638230400000","156604781.32573074"
"1638489600000","156707914.0770192"
"1638748800000","167815674.28599623"
"1639008000000","180504950.22444588"
"1639267200000","180450982.45005217"
"1639526400000","176123588.11096406"
"1639785600000","168465544.6966373"
"1640044800000","167354661.33481413"
"1640304000000","177148517.28561953"
"1640563200000","178302007.20415702"
"1640822400000","174068259.95508352"
"1641081600000","172541536.0396956"
"1641340800000","177540241.8790075"
"1641600000000","181504732.7170824"
"1641859200000","174363600.71349812"
"1642118400000","180388266.9640267"
"1642377600000","193499041.2223978"
"1642636800000","198864399.25271472"
"1642896000000","191300712.3087483"
"1643155200000","193426935.944432"
"1643414400000","187692057.64448118"
"1643673600000","190151731.7869996"
"1643932800000","197909165.6210961"
"1644192000000","189714890.12531072"
"1644451200000","186075335.0385428"
"1644710400000","201293483.93231255"
"1644969600000","208875159.40998912"
"1645228800000","214208889.76468316"
"1645488000000","202437880.40399176"
"1645747200000","195430088.29567224"
"1646006400000","189074638.26979667"
"1646265600000","194437049.22912914"
"1646524800000","197313706.5635507"
"1646784000000","191084575.56227192"
"1647043200000","189973991.09227344"
"1647302400000","201321562.13589022"
"1647561600000","205592535.95527083"
"1647820800000","206648709.46885267"
"1648080000000","206338814.92802444"
"1648339200000","206846724.75080982"
"1648598400000","203922407.24726394"
"1648857600000","200055608.69370246"
"1649116800000","199831771.35150808"
"1649376000000","204228810.4583426"
"1649635200000","206664939.410132"
"1649894400000","201995692.25253567"
"1650153600000","202030821.95948437"
"1650412800000","199524647.62317377"
"1650672000000","204654855.3458653"
"1650931200000","217282921.83635455"
"1651190400000","217205475.81420332"
"1651449600000","222006266.70131093"
"1651708800000","223221125.23276678"
"1651968000000","225336965.28236642"
"1652227200000","222405823.2016665"
"1652486400000","224124125.5157015"
"1652745600000","223040112.45069075"
"1653004800000","217933951.85147908"
"1653264000000","211276091.81528312"
"1653523200000","206058024.37013593"
"1653782400000","211274193.34738085"
"1654041600000","217388515.33233958"
"1654300800000","212527786.45089927"
"1654560000000","209130738.91522053"
"1654819200000","226569564.11309776"
"1655078400000","227742430.28560153"
"1655337600000","218926817.1295411"
"1655596800000","205163245.12925556"
"1655856000000","207098747.44179574"
"1656115200000","209415032.50849795"
"1656374400000","208122956.69561458"
"1656633600000","214611394.16241762"
"1656892800000","216501318.3771552"
"1657152000000","207051697.30346754"
"1657411200000","204913526.098668"
"1657670400000","205957831.904181"
"1657929600000","193984899.91383395"
"1658188800000","192535706.42461643"
"1658448000000","195940740.74745545"
"1658707200000","197350729.22169366"
"1658966400000","207414031.52091783"
"1659225600000","204524174.39856797"
"1659484800000","201377648.63859004"
"1659744000000","197183586.16781405"
"1660003200000","208015065.72776818"
"1660262400000","209085147.63459495"
"1660521600000","200281562.47103304"
"1660780800000","197680503.21816245"
"1661040000000","205797516.6853986"
"1661299200000","213782300.81892878"
"1661558400000","220062436.44399634"
"1661817600000","224693210.49542537"
"1662076800000","223038282.22668257"
"1662336000000","223665601.19640848"
"1662595200000","225042111.4337651"
"1662854400000","228781814.1653135"
"1663113600000","231125783.80316097"
"1663372800000","230215892.75063857"
"1663632000000","225080869.65342325"
"1663891200000","228251773.53753558"
"1664150400000","222790115.94541103"
"1664409600000","223489276.66114253"
"1664668800000","240207537.6104124"
"1664928000000","248825712.31721595"
"1665187200000","258338844.89817542"
"1665446400000","263180398.3160465"
"1665705600000","263008007.41708285"
"1665964800000","265070008.45477676"
"1666224000000","262498660.35176355"
"1666483200000","258958215.9924912"
"1666742400000","255403382.86748463"