,TransactionAddress,TransactionHash,Time,BlockHeight,BlockHash
0,1KUCp7YP5FP8ViRxhfszSUJCTAajK6viGy,5b09bbb8d3cb2f8d4edbcf30664419fb7c9deaeeb1f62cb432e7741c80dbe5ba,1322131230,154595,0000000000000bae09a7a393a8acded75aa67e46cb81f7acaa5ad94f9eacd103
1,1KDEK5QZaBMfnyqwb4tkgps7H3LaoiqZ3D,158f929c67037b0e3757c9723ee49c123ef96ad4b5b8f71455f1411220bfb2aa,1322133077,154596,0000000000000981c0f836cc249fb18744fd33458b85d00de3e7f8995f4543ec
2,1KUCp7YP5FP8ViRxhfszSUJCTAajK6viGy,7815bebf0adaa13d23cac872c39f904ddf1d17f91a9f6c2470d47134e99085c9,1322133435,154597,0000000000000cad4861e1172e492da778d7cba8b29d32da9100489165a0d820
3,1HwkUK8gw1CSfcnATbo1wxBYtSmggTSNCZ,18162cb0b90182882cf752cd27689937ecac075ee0366f2b4a033dc75fa2fbc6,1322135154,154598,0000000000000397a165d83cc4640321a3b8ff4cce1f8aa2570deabf14ac14e7
4,1CpDSkgvrSVkNbJX299HkmE7BFWt4yXcMB,e7003ba874683ff0f3857828c9d281ceec1335c81c8a967be3e6da2fe1b5c5ad,1322135273,154599,0000000000000d8a4b89a5b219ba1c4cc7cfc982f5119d0dcd4758fbe63cd735
5,1KUCp7YP5FP8ViRxhfszSUJCTAajK6viGy,27f019d11358e17e06b8258dabc7ec847ad67091111f079a0954038d4f409455,1322136081,154600,00000000000001de6811527902b2a994f3721af035110242ddca509e9a40ef7e
6,1Aej2mTcs3YsFK1Ho4LygEzuGx8p7Tdyiu,b2aed982736f56fa9fe6d746c8dad114df776a21a7efce2876789b9e494a09a9,1322138534,154601,00000000000007e5aa04f120f9f503be42e0261d74de33b5d2ad01ab43b0163d
7,1PYoi8j5zJSq9hqxwiJ7Vh1nnCvMnSyyH,3db9607c142320275c2ac2c420f2300a0bd9b360c9372b3a7249341886c94148,1322140065,154602,0000000000000040da6451c2408d32342e78400a3ff2c572cb7ba0b7abcf186b
8,1NYszpFK49jHzUix5ZMyZdPTrXkTTW2dpX,9c4d1b4dbfa4a1c224cb002092ccc4e4fea1cb010a33a0302d404df8c08a815d,1322140580,154603,00000000000000aa4908d6c255c3deede0e6c2fee0e850499b1a99eff43b1859
9,1DB4BwKd1zbkyeNTwH1WYDoWZ4xRTbZvs2,8ffad2c3696588c078cd73e3af0c56af2404d397aa498e5f2c1184abb5fce870,1322140660,154604,00000000000004bc84af9b600e7a2d27ec6bb20d045df2f87f8aa27f1449f0c2
